"","code_sp","Year","value_orig","se_orig","value","se.value","pred.value","pred_se.value","name_long"
"1","ALAARV",1998,1.21168544089105,0.0326390808517196,1.21168544089105,0.0326390808517196,0.189198124778428,0.0260920769668509,"Alauda arvensis"
"2","ALAARV",1999,1.19229564101153,0.0297977712958766,1.19229564101153,0.0297977712958766,0.166006593147978,0.0235147501947988,"Alauda arvensis"
"3","ALAARV",2000,1.17729688289723,0.0288091432576602,1.17729688289723,0.0288091432576602,0.132117300275585,0.0223378530666613,"Alauda arvensis"
"4","ALAARV",2001,1.06674976361692,0.0246941026040221,1.06674976361692,0.0246941026040221,0.101640790519253,0.0216683837612443,"Alauda arvensis"
"5","ALAARV",2002,1.08498459651332,0.0219887551652678,1.08498459651332,0.0219887551652678,0.0685209074230777,0.0187857946039672,"Alauda arvensis"
"6","ALAARV",2003,1.01265291880847,0.0241700085237536,1.01265291880847,0.0241700085237536,0.0295969295977202,0.0200021682077437,"Alauda arvensis"
"7","ALAARV",2004,1.09594849969618,0.0216855276129855,1.09594849969618,0.0216855276129855,0.0969277359574004,0.0207563371800717,"Alauda arvensis"
"8","ALAARV",2005,1.03893581641816,0.0234536767931184,1.03893581641816,0.0234536767931184,0.0351818838154166,0.0189664742719298,"Alauda arvensis"
"9","ALAARV",2006,0.939692104045926,0.0235906117555501,0.939692104045926,0.0235906117555501,-0.058625488543786,0.0196794963525004,"Alauda arvensis"
"10","ALAARV",2007,1.03425275359776,0.0238857674803038,1.03425275359776,0.0238857674803038,0.0143306288630102,0.0204322394552916,"Alauda arvensis"
"11","ALAARV",2008,0.927599750626781,0.0227688140035561,0.927599750626781,0.0227688140035561,-0.0583856322837556,0.018983957177357,"Alauda arvensis"
"12","ALAARV",2009,0.908401830517824,0.0225712801240609,0.908401830517824,0.0225712801240609,-0.0836180582894131,0.0188549106655021,"Alauda arvensis"
"13","ALAARV",2010,0.97756006825181,0.0226825020091916,0.97756006825181,0.0226825020091916,-0.035572086949332,0.0170505309869989,"Alauda arvensis"
"14","ALAARV",2011,0.977413176598143,0.0219382401218376,0.977413176598143,0.0219382401218376,-0.0384115805097265,0.0180809515301466,"Alauda arvensis"
"15","ALAARV",2012,0.90522498140931,0.0238705924396242,0.90522498140931,0.0238705924396242,-0.108515294798328,0.0191071952382965,"Alauda arvensis"
"16","ALAARV",2013,0.861691833945073,0.0238807016079464,0.861691833945073,0.0238807016079464,-0.112065602907763,0.0233917995124683,"Alauda arvensis"
"17","ALAARV",2014,0.93252078884373,0.0227686661327982,0.93252078884373,0.0227686661327982,-0.103367803420302,0.0222860979003883,"Alauda arvensis"
"18","ALAARV",2015,0.867482802895979,0.0229667673011965,0.867482802895979,0.0229667673011965,-0.129301838986619,0.0189499622017453,"Alauda arvensis"
"19","ALAARV",2016,0.910891927628916,0.0232337368497929,0.910891927628916,0.0232337368497929,-0.101394570562924,0.0173110138096539,"Alauda arvensis"
"20","ALAARV",2017,0.902709735167528,0.0223533045788089,0.902709735167528,0.0223533045788089,-0.087921937278913,0.0179123289336404,"Alauda arvensis"
"21","ALAARV",2018,0.957061031975936,0.0221681677189567,0.957061031975936,0.0221681677189567,-0.0312286752803524,0.0185974128995935,"Alauda arvensis"
"22","ALAARV",2019,1.02363074335331,0.0223244663916099,1.02363074335331,0.0223244663916099,0.0363089191516454,0.0181277086613895,"Alauda arvensis"
"23","ALAARV",2020,1.10768475920229,0.0211545062103838,1.10768475920229,0.0211545062103838,0.0785787562816996,0.022658170808888,"Alauda arvensis"
"24","ANTPRA",1998,0.998692832156902,0.0791340581372919,0.998692832156902,0.0791340581372919,-0.0277707261674409,0.0628124085772086,"Anthus pratensis"
"25","ANTPRA",1999,0.942545010823955,0.0934779093201099,0.942545010823955,0.0934779093201099,-0.0725073488289739,0.0637432126229193,"Anthus pratensis"
"26","ANTPRA",2000,1.12074983270996,0.0521729807179233,1.12074983270996,0.0521729807179233,0.158289810239285,0.0457898199394074,"Anthus pratensis"
"27","ANTPRA",2001,1.23046364621452,0.0664615233487089,1.23046364621452,0.0664615233487089,0.158113148511965,0.0536263496364197,"Anthus pratensis"
"28","ANTPRA",2002,1.25629344930533,0.0428680017306079,1.25629344930533,0.0428680017306079,0.250708926969237,0.0385136976071908,"Anthus pratensis"
"29","ANTPRA",2003,1.21182870844971,0.0413102984221681,1.21182870844971,0.0413102984221681,0.161775729240097,0.0384705322929531,"Anthus pratensis"
"30","ANTPRA",2004,1.30757501386014,0.0426740780839433,1.30757501386014,0.0426740780839433,0.277194963063548,0.0396601668299353,"Anthus pratensis"
"31","ANTPRA",2005,1.14525735357051,0.045334778438076,1.14525735357051,0.045334778438076,0.0848473137910293,0.0408447344108487,"Anthus pratensis"
"32","ANTPRA",2006,0.67248509316389,0.0557814796011654,0.67248509316389,0.0557814796011654,-0.305186500719124,0.0473602782857694,"Anthus pratensis"
"33","ANTPRA",2007,1.03281541897425,0.0405059296133294,1.03281541897425,0.0405059296133294,0.00712432437626995,0.0365084970554963,"Anthus pratensis"
"34","ANTPRA",2008,0.828759838110246,0.0354691070361915,0.828759838110246,0.0354691070361915,-0.170155658685762,0.0318539620140089,"Anthus pratensis"
"35","ANTPRA",2009,0.859944318578812,0.038277373124543,0.859944318578812,0.038277373124543,-0.14686855156426,0.0345875858003426,"Anthus pratensis"
"36","ANTPRA",2010,0.887838156598346,0.03944990057113,0.887838156598346,0.03944990057113,-0.123855507928848,0.0338410956859618,"Anthus pratensis"
"37","ANTPRA",2011,0.832529837682739,0.0406919318178897,0.832529837682739,0.0406919318178897,-0.168381452292219,0.0358686856868631,"Anthus pratensis"
"38","ANTPRA",2012,0.682102623667367,0.0426872466874467,0.682102623667367,0.0426872466874467,-0.363891311116799,0.0376671975419739,"Anthus pratensis"
"39","ANTPRA",2013,0.813526449302785,0.0368728648001382,0.813526449302785,0.0368728648001382,-0.209107458097958,0.0341950384524559,"Anthus pratensis"
"40","ANTPRA",2014,1.03186696984075,0.0339410492434614,1.03186696984075,0.0339410492434614,0.00296607094800974,0.0323005118461622,"Anthus pratensis"
"41","ANTPRA",2015,0.989563643776509,0.037124245260014,0.989563643776509,0.037124245260014,-0.0118697051137606,0.0335938822289673,"Anthus pratensis"
"42","ANTPRA",2016,1.04213120627459,0.0351521548471109,1.04213120627459,0.0351521548471109,0.0450623713845039,0.0312338089444172,"Anthus pratensis"
"43","ANTPRA",2017,0.991656738407128,0.034156611844714,0.991656738407128,0.034156611844714,-0.0139677598233655,0.030531790881358,"Anthus pratensis"
"44","ANTPRA",2018,1.13661296282328,0.0343630886805091,1.13661296282328,0.0343630886805091,0.141390386980714,0.0310881560268234,"Anthus pratensis"
"45","ANTPRA",2019,1.22965675579208,0.03085274811356,1.22965675579208,0.03085274811356,0.195665463086087,0.0285053202459655,"Anthus pratensis"
"46","ANTPRA",2020,1.12844224263225,0.0334692063236576,1.12844224263225,0.0334692063236576,0.130423471747766,0.0312882131318277,"Anthus pratensis"
"47","CORFRU",1998,0.816603572381155,0.0810606509841006,0.816603572381155,0.0810606509841006,0.145784036300551,0.181798533205726,"Corvus frugilegus"
"48","CORFRU",1999,1.54321165741745,0.0480096624861028,1.54321165741745,0.0480096624861028,0.173648258715017,0.167461058778314,"Corvus frugilegus"
"49","CORFRU",2000,2.05002168478357,0.0409596348577391,2.05002168478357,0.0409596348577391,0.186915089970021,0.122234805826115,"Corvus frugilegus"
"50","CORFRU",2001,1.68039453019823,0.0362258034051703,1.68039453019823,0.0362258034051703,0.175398092354789,0.146612066471936,"Corvus frugilegus"
"51","CORFRU",2002,0.956562164483133,0.0447519862834034,0.956562164483133,0.0447519862834034,0.176891663131105,0.179980730824512,"Corvus frugilegus"
"52","CORFRU",2003,0.990412102016224,0.0496642074495239,0.990412102016224,0.0496642074495239,0.117510767284764,0.123289354987423,"Corvus frugilegus"
"53","CORFRU",2004,1.3398715052046,0.038401551607509,1.3398715052046,0.038401551607509,0.12815334050661,0.230998172711278,"Corvus frugilegus"
"54","CORFRU",2005,0.436923353890906,0.0762068808973876,0.436923353890906,0.0762068808973876,0.0331654321922707,0.11691494969742,"Corvus frugilegus"
"55","CORFRU",2006,0.930311684584408,0.0464777185611071,0.930311684584408,0.0464777185611071,0.0240057450606132,0.129391846371248,"Corvus frugilegus"
"56","CORFRU",2007,0.808906492854214,0.0594953008803097,0.808906492854214,0.0594953008803097,0.00199763749759052,0.15297577324829,"Corvus frugilegus"
"57","CORFRU",2008,1.43899223901883,0.0369695693274091,1.43899223901883,0.0369695693274091,-0.0669150463243701,0.131834776651792,"Corvus frugilegus"
"58","CORFRU",2009,0.982630021377091,0.0441637481981955,0.982630021377091,0.0441637481981955,-0.11588119067823,0.133643034970292,"Corvus frugilegus"
"59","CORFRU",2010,1.42623488170271,0.0380329587621766,1.42623488170271,0.0380329587621766,-0.00762804561643952,0.0795721626574807,"Corvus frugilegus"
"60","CORFRU",2011,0.824537349397554,0.0479985677474846,0.824537349397554,0.0479985677474846,0.0256410338867785,0.130796002924668,"Corvus frugilegus"
"61","CORFRU",2012,0.827044830118097,0.0497004122189669,0.827044830118097,0.0497004122189669,0.000946351163819636,0.180277479028169,"Corvus frugilegus"
"62","CORFRU",2013,1.04892738339542,0.0478316372310141,1.04892738339542,0.0478316372310141,-0.0401382484328712,0.164960339664597,"Corvus frugilegus"
"63","CORFRU",2014,0.957967348956187,0.0447019858544699,0.957967348956187,0.0447019858544699,-0.162914097836691,0.113402089381428,"Corvus frugilegus"
"64","CORFRU",2015,0.8281460861134,0.0486042747832773,0.8281460861134,0.0486042747832773,-0.145998812358963,0.125837381723866,"Corvus frugilegus"
"65","CORFRU",2016,0.76436679561155,0.0512235901317273,0.76436679561155,0.0512235901317273,-0.186390993695709,0.117797363614423,"Corvus frugilegus"
"66","CORFRU",2017,0.93249051692523,0.045260846924256,0.93249051692523,0.045260846924256,-0.161882910339236,0.104760260098618,"Corvus frugilegus"
"67","CORFRU",2018,0.954803026518775,0.0447510396156119,0.954803026518775,0.0447510396156119,-0.173343749617073,0.131973214806987,"Corvus frugilegus"
"68","CORFRU",2019,0.886002407360369,0.0470610986725844,0.886002407360369,0.0470610986725844,-0.084563439226652,0.14479931308324,"Corvus frugilegus"
"69","CORFRU",2020,0.799819969146081,0.0498863564563815,0.799819969146081,0.0498863564563815,-0.0444009139376943,0.14260225305325,"Corvus frugilegus"
"70","EMBCIT",1998,1.04886103961195,0.0441496801769406,1.04886103961195,0.0441496801769406,0.0835743325258166,0.0355489345941991,"Emberiza citrinella"
"71","EMBCIT",1999,1.19871752655443,0.0376764057389249,1.19871752655443,0.0376764057389249,0.139388648502878,0.0296663878955018,"Emberiza citrinella"
"72","EMBCIT",2000,1.12244672885935,0.0378198108302745,1.12244672885935,0.0378198108302745,0.147755381525221,0.0292459429214814,"Emberiza citrinella"
"73","EMBCIT",2001,1.1576524538937,0.0327363347465828,1.1576524538937,0.0327363347465828,0.133023270551765,0.0274284367892823,"Emberiza citrinella"
"74","EMBCIT",2002,1.13462656169748,0.0282904246035293,1.13462656169748,0.0282904246035293,0.143080687947061,0.024100027625241,"Emberiza citrinella"
"75","EMBCIT",2003,1.2361726054624,0.0267469296536228,1.2361726054624,0.0267469296536228,0.188430330086174,0.0232686176832072,"Emberiza citrinella"
"76","EMBCIT",2004,1.23473357858435,0.0266349963468005,1.23473357858435,0.0266349963468005,0.209730822370637,0.0242689991179251,"Emberiza citrinella"
"77","EMBCIT",2005,1.24575758387973,0.0267357061806308,1.24575758387973,0.0267357061806308,0.216309237405321,0.0229097520203363,"Emberiza citrinella"
"78","EMBCIT",2006,1.17684093605796,0.0265858575501792,1.17684093605796,0.0265858575501792,0.166339354834927,0.0231255622951488,"Emberiza citrinella"
"79","EMBCIT",2007,1.32647102504027,0.0253366894140788,1.32647102504027,0.0253366894140788,0.272267541533079,0.0223144096242874,"Emberiza citrinella"
"80","EMBCIT",2008,1.23011430393649,0.0252845754708212,1.23011430393649,0.0252845754708212,0.188461146500332,0.0218036938466287,"Emberiza citrinella"
"81","EMBCIT",2009,1.11834705118409,0.026127337185049,1.11834705118409,0.026127337185049,0.118867591016898,0.0220367917706679,"Emberiza citrinella"
"82","EMBCIT",2010,0.97146630231439,0.0284956027143445,0.97146630231439,0.0284956027143445,-0.0111322414785571,0.0224681109920464,"Emberiza citrinella"
"83","EMBCIT",2011,0.931685796035597,0.0290092739076399,0.931685796035597,0.0290092739076399,-0.0777657924315099,0.0232901820893476,"Emberiza citrinella"
"84","EMBCIT",2012,0.870234302195583,0.0303792470814381,0.870234302195583,0.0303792470814381,-0.13196379501325,0.0249502654725998,"Emberiza citrinella"
"85","EMBCIT",2013,0.876869774336926,0.0296977447386768,0.876869774336926,0.0296977447386768,-0.134163643325557,0.025020284698123,"Emberiza citrinella"
"86","EMBCIT",2014,0.864023049251158,0.0297111881365676,0.864023049251158,0.0297111881365676,-0.12734889016462,0.0255462584813516,"Emberiza citrinella"
"87","EMBCIT",2015,0.741650533916978,0.0319349500360317,0.741650533916978,0.0319349500360317,-0.27250014212092,0.0258446341214953,"Emberiza citrinella"
"88","EMBCIT",2016,0.840017920568107,0.0300885209461909,0.840017920568107,0.0300885209461909,-0.196988609895194,0.0236348711267273,"Emberiza citrinella"
"89","EMBCIT",2017,0.815337310736989,0.0301806838110259,0.815337310736989,0.0301806838110259,-0.215799339157849,0.0235404582657878,"Emberiza citrinella"
"90","EMBCIT",2018,0.782860209570882,0.0313274856321524,0.782860209570882,0.0313274856321524,-0.252354019048143,0.0246237937932146,"Emberiza citrinella"
"91","EMBCIT",2019,0.723989324066043,0.0325134657286195,0.723989324066043,0.0325134657286195,-0.328019629713331,0.0258569602904826,"Emberiza citrinella"
"92","EMBCIT",2020,0.768969989207377,0.0309309997845479,0.768969989207377,0.0309309997845479,-0.259192242451178,0.0259091938666839,"Emberiza citrinella"
"93","EMBHOR",1998,2.05792974036491,0.0972896216040743,2.05792974036491,0.0972896216040743,0.650113934965496,0.207415715104507,"Emberiza hortulana"
"94","EMBHOR",1999,1.70737749081123,0.12476642654482,1.70737749081123,0.12476642654482,0.844453301964899,0.190449447175153,"Emberiza hortulana"
"95","EMBHOR",2000,1.61794458743291,0.120357790950588,1.61794458743291,0.120357790950588,0.608469939254718,0.147745700415564,"Emberiza hortulana"
"96","EMBHOR",2001,3.06456695732799,0.0857823833602081,3.06456695732799,0.0857823833602081,0.532824779837668,0.168973969096783,"Emberiza hortulana"
"97","EMBHOR",2002,1.50672966756224,0.108544687386575,1.50672966756224,0.108544687386575,0.424908898365055,0.195260127821209,"Emberiza hortulana"
"98","EMBHOR",2003,1.3319647943912,0.0847217499223567,1.3319647943912,0.0847217499223567,0.464484613635725,0.15642057316378,"Emberiza hortulana"
"99","EMBHOR",2004,1.51831657616183,0.0934173307493419,1.51831657616183,0.0934173307493419,0.44899386438494,0.246361511366037,"Emberiza hortulana"
"100","EMBHOR",2005,1.79177200308534,0.084349654987406,1.79177200308534,0.084349654987406,0.471230408056179,0.136429465434463,"Emberiza hortulana"
"101","EMBHOR",2006,1.58731008143796,0.0957933080306513,1.58731008143796,0.0957933080306513,0.647289393156854,0.15767537951083,"Emberiza hortulana"
"102","EMBHOR",2007,1.69317920706764,0.0789540795638506,1.69317920706764,0.0789540795638506,0.581783317529331,0.170027545262485,"Emberiza hortulana"
"103","EMBHOR",2008,1.66134561677034,0.0722635587167206,1.66134561677034,0.0722635587167206,0.405291018054727,0.153438397161535,"Emberiza hortulana"
"104","EMBHOR",2009,1.38696225610695,0.0912613465704384,1.38696225610695,0.0912613465704384,0.127265242235257,0.155408641458752,"Emberiza hortulana"
"105","EMBHOR",2010,1.28213955887185,0.100188871894605,1.28213955887185,0.100188871894605,0.0440661938713699,0.11135143403552,"Emberiza hortulana"
"106","EMBHOR",2011,0.64313644943984,0.140906846544807,0.64313644943984,0.140906846544807,-0.00415093727145223,0.14911981925349,"Emberiza hortulana"
"107","EMBHOR",2012,1.00632063184743,0.1074708780612,1.00632063184743,0.1074708780612,-0.0229923806905897,0.196540729136443,"Emberiza hortulana"
"108","EMBHOR",2013,1.40458107311758,0.0960597047270599,1.40458107311758,0.0960597047270599,-0.273876787461129,0.184980351667448,"Emberiza hortulana"
"109","EMBHOR",2014,0.761991823210776,0.128272696271284,0.761991823210776,0.128272696271284,-0.646319735894983,0.141012213179324,"Emberiza hortulana"
"110","EMBHOR",2015,0.224303121198605,0.238865178520462,0.224303121198605,0.238865178520462,-0.942618245315545,0.158971827762831,"Emberiza hortulana"
"111","EMBHOR",2016,0.269238814472796,0.185818672790392,0.269238814472796,0.185818672790392,-0.875024135818698,0.150426608514781,"Emberiza hortulana"
"112","EMBHOR",2017,0.512942361410476,0.158428030047467,0.512942361410476,0.158428030047467,-0.798474548054356,0.135762536766035,"Emberiza hortulana"
"113","EMBHOR",2018,0.204183186632952,0.238496553953845,0.204183186632952,0.238496553953845,-1.00666598732896,0.167878458699182,"Emberiza hortulana"
"114","EMBHOR",2019,0.377839290689047,0.147841700121483,0.377839290689047,0.147841700121483,-1.00508187946908,0.171570978767198,"Emberiza hortulana"
"115","EMBHOR",2020,0.799841762072261,0.106958487060523,0.799841762072261,0.106958487060523,-0.675970268007429,0.171305951342388,"Emberiza hortulana"
"116","HIRRUS",1998,0.834502439000625,0.0737890820396426,0.834502439000625,0.0737890820396426,-0.134190664359517,0.0536377497791911,"Hirundo rustica"
"117","HIRRUS",1999,0.840847690971165,0.0720906670106727,0.840847690971165,0.0720906670106727,-0.122058862409052,0.0490101385064453,"Hirundo rustica"
"118","HIRRUS",2000,1.0203730983574,0.0642622200908664,1.0203730983574,0.0642622200908664,-0.0823663249586478,0.0324149180516685,"Hirundo rustica"
"119","HIRRUS",2001,1.06842366605878,0.0555059293894676,1.06842366605878,0.0555059293894676,-0.0665804132170191,0.0385463647878918,"Hirundo rustica"
"120","HIRRUS",2002,0.942709426850048,0.0506512072193002,0.942709426850048,0.0506512072193002,-0.0355073630290334,0.0479065233901434,"Hirundo rustica"
"121","HIRRUS",2003,0.837588459649791,0.051762237481428,0.837588459649791,0.051762237481428,-0.0040782245865529,0.0340724596299346,"Hirundo rustica"
"122","HIRRUS",2004,0.949073890482997,0.0483853933067091,0.949073890482997,0.0483853933067091,-0.0210361713648123,0.0588638197251498,"Hirundo rustica"
"123","HIRRUS",2005,0.993469716529601,0.048087109550958,0.993469716529601,0.048087109550958,-0.0167579365594102,0.0287041944315795,"Hirundo rustica"
"124","HIRRUS",2006,1.03419978795407,0.0451940183164646,1.03419978795407,0.0451940183164646,0.0358957935574838,0.0347131996963752,"Hirundo rustica"
"125","HIRRUS",2007,1.14387398356113,0.0444630854765065,1.14387398356113,0.0444630854765065,0.00857164756524453,0.0397405008061752,"Hirundo rustica"
"126","HIRRUS",2008,1.03427369731809,0.0435992769580844,1.03427369731809,0.0435992769580844,0.0385422362065401,0.0355423143992549,"Hirundo rustica"
"127","HIRRUS",2009,0.93790326178483,0.045207894872347,0.93790326178483,0.045207894872347,0.0516896054473319,0.0355205583289945,"Hirundo rustica"
"128","HIRRUS",2010,1.01980505759937,0.0444733999170182,1.01980505759937,0.0444733999170182,0.0278525236048186,0.0222690882343932,"Hirundo rustica"
"129","HIRRUS",2011,1.02050909936047,0.0444684571620091,1.02050909936047,0.0444684571620091,0.0303829836656291,0.0336756964468817,"Hirundo rustica"
"130","HIRRUS",2012,1.02918814644184,0.0447243831605036,1.02918814644184,0.0447243831605036,0.0610285314673683,0.0448923517381325,"Hirundo rustica"
"131","HIRRUS",2013,1.19518073955101,0.0416796669466668,1.19518073955101,0.0416796669466668,0.0820463671775264,0.0433117210850132,"Hirundo rustica"
"132","HIRRUS",2014,1.21605231485966,0.0406602552904532,1.21605231485966,0.0406602552904532,0.0583047096531089,0.032185370325179,"Hirundo rustica"
"133","HIRRUS",2015,1.04511197063735,0.0438695728092372,1.04511197063735,0.0438695728092372,0.0745734894758637,0.0344702920080343,"Hirundo rustica"
"134","HIRRUS",2016,1.00611143674951,0.0448883962810894,1.00611143674951,0.0448883962810894,0.0551440964122361,0.0314574978261904,"Hirundo rustica"
"135","HIRRUS",2017,1.07588765029448,0.042176468811594,1.07588765029448,0.042176468811594,0.0417531197198839,0.0284514052360723,"Hirundo rustica"
"136","HIRRUS",2018,0.982822696534086,0.0450510075621371,0.982822696534086,0.0450510075621371,0.0146134866718466,0.0352711006193572,"Hirundo rustica"
"137","HIRRUS",2019,0.981798245963707,0.0453016764847899,0.981798245963707,0.0453016764847899,-0.0320900679168338,0.0380989645103949,"Hirundo rustica"
"138","HIRRUS",2020,0.900378849122461,0.0460778247285968,0.900378849122461,0.0460778247285968,-0.0657325622240039,0.0392202906044738,"Hirundo rustica"
"139","LANCOL",1998,0.891217455758492,0.128577529841312,0.891217455758492,0.128577529841312,0.0195596101265988,0.0984287791289844,"Lanius collurio"
"140","LANCOL",1999,1.05520203950236,0.101414114863628,1.05520203950236,0.101414114863628,0.0463983498462962,0.0908920885570141,"Lanius collurio"
"141","LANCOL",2000,1.57207057167576,0.0847330684187797,1.57207057167576,0.0847330684187797,0.0688838159241578,0.0587989305747992,"Lanius collurio"
"142","LANCOL",2001,0.93723459500221,0.0945023166390366,0.93723459500221,0.0945023166390366,0.0830728018221226,0.0696512022520802,"Lanius collurio"
"143","LANCOL",2002,1.08716792744105,0.0745469962143047,1.08716792744105,0.0745469962143047,0.0925824776591491,0.0910124436918617,"Lanius collurio"
"144","LANCOL",2003,0.866440192297284,0.0819311910320533,0.866440192297284,0.0819311910320533,0.0666072197613378,0.0642527062654262,"Lanius collurio"
"145","LANCOL",2004,1.13354616744352,0.0711875947531807,1.13354616744352,0.0711875947531807,0.00665553555143857,0.113933517344211,"Lanius collurio"
"146","LANCOL",2005,0.94507392640725,0.0752787026184741,0.94507392640725,0.0752787026184741,0.0610591820791733,0.0508783851273771,"Lanius collurio"
"147","LANCOL",2006,1.2183657055081,0.0673852461595757,1.2183657055081,0.0673852461595757,0.00420616720675501,0.0644008687998008,"Lanius collurio"
"148","LANCOL",2007,1.05912759649592,0.0703404734443059,1.05912759649592,0.0703404734443059,0.0254639230838349,0.0735238049773686,"Lanius collurio"
"149","LANCOL",2008,1.06202648480526,0.0698532871719375,1.06202648480526,0.0698532871719375,0.0152922508473269,0.0671105846822552,"Lanius collurio"
"150","LANCOL",2009,0.866962579933096,0.0754067359526225,0.866962579933096,0.0754067359526225,0.00749624683401715,0.0671335472941879,"Lanius collurio"
"151","LANCOL",2010,0.798825074666071,0.0810051937973261,0.798825074666071,0.0810051937973261,-0.0363840446033446,0.0390166218761185,"Lanius collurio"
"152","LANCOL",2011,0.942326200897267,0.0746204732707412,0.942326200897267,0.0746204732707412,-0.0598349849889249,0.0643273313414272,"Lanius collurio"
"153","LANCOL",2012,0.897155492471097,0.0767018015113102,0.897155492471097,0.0767018015113102,-0.0637445323909649,0.0888857304168195,"Lanius collurio"
"154","LANCOL",2013,0.882080983295104,0.0763704445329661,0.882080983295104,0.0763704445329661,-0.0870081437149247,0.0830860372053058,"Lanius collurio"
"155","LANCOL",2014,1.24521282814481,0.0658047316068408,1.24521282814481,0.0658047316068408,-0.0133219975785563,0.0541995113440879,"Lanius collurio"
"156","LANCOL",2015,1.09038555673606,0.0689419200591696,1.09038555673606,0.0689419200591696,-0.0446588571273899,0.0650352915165027,"Lanius collurio"
"157","LANCOL",2016,0.933658672153505,0.0732384763964438,0.933658672153505,0.0732384763964438,-0.0235861263400439,0.058476055518569,"Lanius collurio"
"158","LANCOL",2017,0.971822184742143,0.0719404797468174,0.971822184742143,0.0719404797468174,-0.0292260693476826,0.0515537541068652,"Lanius collurio"
"159","LANCOL",2018,0.944579136791344,0.0749303479425955,0.944579136791344,0.0749303479425955,-0.0499462150490469,0.0659840710362461,"Lanius collurio"
"160","LANCOL",2019,0.758792764465871,0.0809770896343252,0.758792764465871,0.0809770896343252,-0.0529423332280779,0.072526496924522,"Lanius collurio"
"161","LANCOL",2020,1.14437719084155,0.0664580939514798,1.14437719084155,0.0664580939514798,-0.0366242763732516,0.073633504987612,"Lanius collurio"
"162","LINCAN",1998,1.14014894834403,0.0788834761631745,1.14014894834403,0.0788834761631745,0.203076150501277,0.069620157741806,"Linaria cannabina"
"163","LINCAN",1999,1.15139171685519,0.0630530362543279,1.15139171685519,0.0630530362543279,0.151730892060121,0.0593734231349121,"Linaria cannabina"
"164","LINCAN",2000,1.05719912892911,0.0676488000162797,1.05719912892911,0.0676488000162797,0.137802995907663,0.0562498522011492,"Linaria cannabina"
"165","LINCAN",2001,1.37228289828177,0.0497167616268397,1.37228289828177,0.0497167616268397,0.13374434055426,0.0685744222798511,"Linaria cannabina"
"166","LINCAN",2002,1.1136218092236,0.0493223751197584,1.1136218092236,0.0493223751197584,0.0964606781028435,0.0579010443942142,"Linaria cannabina"
"167","LINCAN",2003,0.850974815419035,0.0581956634718036,0.850974815419035,0.0581956634718036,-0.069773868873807,0.0542642109588431,"Linaria cannabina"
"168","LINCAN",2004,0.920772355154588,0.0533501454783366,0.920772355154588,0.0533501454783366,-0.0876248819252829,0.0673872862311286,"Linaria cannabina"
"169","LINCAN",2005,0.843594501157785,0.0584688445229465,0.843594501157785,0.0584688445229465,-0.15522933585233,0.0522119003949032,"Linaria cannabina"
"170","LINCAN",2006,0.775438425506742,0.0581626005300687,0.775438425506742,0.0581626005300687,-0.263628552973606,0.0519150593753279,"Linaria cannabina"
"171","LINCAN",2007,0.751294683252043,0.0636164287870472,0.751294683252043,0.0636164287870472,-0.310609889834189,0.0563379745535806,"Linaria cannabina"
"172","LINCAN",2008,0.784085312374749,0.0565813448195095,0.784085312374749,0.0565813448195095,-0.331599939659819,0.0489527718273779,"Linaria cannabina"
"173","LINCAN",2009,0.711910136494415,0.0579598953482055,0.711910136494415,0.0579598953482055,-0.305023755251413,0.0524964865940676,"Linaria cannabina"
"174","LINCAN",2010,0.958719007362441,0.0517890172844879,0.958719007362441,0.0517890172844879,-0.0709126700060708,0.0434015959512357,"Linaria cannabina"
"175","LINCAN",2011,0.990580140250764,0.0498429968858679,0.990580140250764,0.0498429968858679,0.00520533423003753,0.0493860646770114,"Linaria cannabina"
"176","LINCAN",2012,1.0204911267383,0.0520068088222586,1.0204911267383,0.0520068088222586,-0.0190975044320316,0.0576605351355417,"Linaria cannabina"
"177","LINCAN",2013,0.90166299472218,0.0533638965520743,0.90166299472218,0.0533638965520743,-0.0705064925202468,0.0565067088362855,"Linaria cannabina"
"178","LINCAN",2014,0.7951707424014,0.055555332541967,0.7951707424014,0.055555332541967,-0.0547823526704723,0.0643373896712765,"Linaria cannabina"
"179","LINCAN",2015,1.11304556330951,0.0483808949111244,1.11304556330951,0.0483808949111244,0.0805849121595509,0.0500485362693719,"Linaria cannabina"
"180","LINCAN",2016,0.996251858364381,0.0507083348558221,0.996251858364381,0.0507083348558221,0.0133103575780229,0.04769773479198,"Linaria cannabina"
"181","LINCAN",2017,1.14847541036722,0.0460476935926369,1.14847541036722,0.0460476935926369,0.0601264579069233,0.0465117187337478,"Linaria cannabina"
"182","LINCAN",2018,1.11174808866618,0.0471827202513379,1.11174808866618,0.0471827202513379,0.139387095578475,0.0499884631434626,"Linaria cannabina"
"183","LINCAN",2019,1.55548415687346,0.0424049344044567,1.55548415687346,0.0424049344044567,0.359791531914849,0.0542584902342136,"Linaria cannabina"
"184","LINCAN",2020,1.43336794317055,0.0421934806223653,1.43336794317055,0.0421934806223653,0.357568497505246,0.0532783947175096,"Linaria cannabina"
"185","MOTFLA",1998,1.0029518870066,0.0897205138682803,1.0029518870066,0.0897205138682803,-0.0791989572560535,0.057287202108133,"Motacilla flava"
"186","MOTFLA",1999,0.833906026988601,0.0833833483823803,0.833906026988601,0.0833833483823803,-0.126877572144146,0.0513287189800828,"Motacilla flava"
"187","MOTFLA",2000,1.07931628747534,0.0623935050516648,1.07931628747534,0.0623935050516648,0.0564895102796635,0.0441010333762695,"Motacilla flava"
"188","MOTFLA",2001,0.911470227239181,0.0764473056691719,0.911470227239181,0.0764473056691719,0.0445170768225038,0.0458377681367286,"Motacilla flava"
"189","MOTFLA",2002,1.18998595125294,0.0554085207991713,1.18998595125294,0.0554085207991713,0.127913339107206,0.04029263739129,"Motacilla flava"
"190","MOTFLA",2003,1.14341995114641,0.0472926590534174,1.14341995114641,0.0472926590534174,0.0774234927433375,0.0383516947881571,"Motacilla flava"
"191","MOTFLA",2004,1.25772942358377,0.0462815198536179,1.25772942358377,0.0462815198536179,0.23724756199159,0.0392127828207377,"Motacilla flava"
"192","MOTFLA",2005,0.947103111067823,0.0613783385966463,0.947103111067823,0.0613783385966463,-0.0529023289732686,0.0386562477199048,"Motacilla flava"
"193","MOTFLA",2006,0.822321040924064,0.0597322992858021,0.822321040924064,0.0597322992858021,-0.203734810073926,0.0386992470239444,"Motacilla flava"
"194","MOTFLA",2007,0.909811857187928,0.0522467576145125,0.909811857187928,0.0522467576145125,-0.0670384430799752,0.0371108316270393,"Motacilla flava"
"195","MOTFLA",2008,0.823667680377715,0.0426136620405765,0.823667680377715,0.0426136620405765,-0.192493475038357,0.0323849240823141,"Motacilla flava"
"196","MOTFLA",2009,0.821297066521625,0.0492924042036855,0.821297066521625,0.0492924042036855,-0.177813505219698,0.0352008887401079,"Motacilla flava"
"197","MOTFLA",2010,0.989891108497127,0.0446736514957063,0.989891108497127,0.0446736514957063,-0.0149840663772497,0.0292334179526953,"Motacilla flava"
"198","MOTFLA",2011,1.07249082802955,0.0463338350699458,1.07249082802955,0.0463338350699458,0.0257018131724086,0.0325700991840882,"Motacilla flava"
"199","MOTFLA",2012,0.890403213035097,0.050055087621917,0.890403213035097,0.050055087621917,-0.0922253439414029,0.0361414315495138,"Motacilla flava"
"200","MOTFLA",2013,1.06261192257855,0.0423769162154689,1.06261192257855,0.0423769162154689,0.0436375289053196,0.0337112790996673,"Motacilla flava"
"201","MOTFLA",2014,0.959652623777476,0.045221402522602,0.959652623777476,0.045221402522602,-0.0271981624317795,0.0343861229524,"Motacilla flava"
"202","MOTFLA",2015,1.07618692498132,0.0429850180504529,1.07618692498132,0.0429850180504529,0.0602609360100065,0.0326512601925251,"Motacilla flava"
"203","MOTFLA",2016,1.02150365819603,0.0480230514404256,1.02150365819603,0.0480230514404256,0.00882345643555685,0.0315824668804053,"Motacilla flava"
"204","MOTFLA",2017,0.960605023511128,0.0430447021242924,0.960605023511128,0.0430447021242924,-0.0170141832790664,0.0294305766098274,"Motacilla flava"
"205","MOTFLA",2018,1.12153732118252,0.0437225214185061,1.12153732118252,0.0437225214185061,0.0977363437000079,0.0315722462560138,"Motacilla flava"
"206","MOTFLA",2019,1.20026074874086,0.0412269720836877,1.20026074874086,0.0412269720836877,0.177963558205544,0.0309029296483216,"Motacilla flava"
"207","MOTFLA",2020,1.08122455478363,0.0412678512583816,1.08122455478363,0.0412678512583816,0.0937662304417787,0.0329913514021019,"Motacilla flava"
"208","NUMARQ",1998,1.10164749088042,0.0771697248781189,1.10164749088042,0.0771697248781189,0.14320762592374,0.0836527717232606,"Numenius arquata"
"209","NUMARQ",1999,1.47222684725637,0.068992410801186,1.47222684725637,0.068992410801186,0.221022496092995,0.0763521511898055,"Numenius arquata"
"210","NUMARQ",2000,1.07151778373735,0.0760360646638698,1.07151778373735,0.0760360646638698,0.217902624436476,0.0703264788607679,"Numenius arquata"
"211","NUMARQ",2001,1.14304518455413,0.0685838278132746,1.14304518455413,0.0685838278132746,0.218729146768434,0.0666539384106688,"Numenius arquata"
"212","NUMARQ",2002,1.21752650954859,0.0538964365813995,1.21752650954859,0.0538964365813995,0.223218856555725,0.0682035565111215,"Numenius arquata"
"213","NUMARQ",2003,1.4541877716798,0.0489694881589755,1.4541877716798,0.0489694881589755,0.165635285636757,0.0864004680887266,"Numenius arquata"
"214","NUMARQ",2004,1.09960909170239,0.0540064096996079,1.09960909170239,0.0540064096996079,0.10852730340045,0.08030362802746,"Numenius arquata"
"215","NUMARQ",2005,1.10195813647199,0.0607835524588349,1.10195813647199,0.0607835524588349,0.0408925532714873,0.0618044363277664,"Numenius arquata"
"216","NUMARQ",2006,1.14947382710596,0.0531250067070172,1.14947382710596,0.0531250067070172,0.151265239215971,0.0645143608631155,"Numenius arquata"
"217","NUMARQ",2007,1.02614471655996,0.0531290385856139,1.02614471655996,0.0531290385856139,0.0154931931983007,0.0697203968361235,"Numenius arquata"
"218","NUMARQ",2008,0.941533919819028,0.0525619362284209,0.941533919819028,0.0525619362284209,-0.0240331300869057,0.0730273119194782,"Numenius arquata"
"219","NUMARQ",2009,0.763558996935806,0.0598133123130131,0.763558996935806,0.0598133123130131,-0.100632971842177,0.0796288908854509,"Numenius arquata"
"220","NUMARQ",2010,1.02792182936559,0.0498924931692984,1.02792182936559,0.0498924931692984,0.0275237433783593,0.0507240414382999,"Numenius arquata"
"221","NUMARQ",2011,1.07505357305262,0.0559343813570938,1.07505357305262,0.0559343813570938,0.0848262760776387,0.0604074166289361,"Numenius arquata"
"222","NUMARQ",2012,1.18265455971955,0.0493407237253882,1.18265455971955,0.0493407237253882,0.123504615392433,0.0736036618874338,"Numenius arquata"
"223","NUMARQ",2013,1.1017792945064,0.0571825762246851,1.1017792945064,0.0571825762246851,0.0201028977229019,0.0736462639126591,"Numenius arquata"
"224","NUMARQ",2014,0.867098139205414,0.0549324565254755,0.867098139205414,0.0549324565254755,-0.218297709164736,0.0640723235011273,"Numenius arquata"
"225","NUMARQ",2015,0.798926359151246,0.0617930297640263,0.798926359151246,0.0617930297640263,-0.187173762093618,0.0611175663715317,"Numenius arquata"
"226","NUMARQ",2016,0.750566887733655,0.0641356071939705,0.750566887733655,0.0641356071939705,-0.2735443918682,0.0566355750754188,"Numenius arquata"
"227","NUMARQ",2017,0.851511469209515,0.0564152894536274,0.851511469209515,0.0564152894536274,-0.230724992797747,0.0539214380416034,"Numenius arquata"
"228","NUMARQ",2018,0.610434978297044,0.0724723918270846,0.610434978297044,0.0724723918270846,-0.322775298629395,0.06998418603824,"Numenius arquata"
"229","NUMARQ",2019,0.829993639284906,0.0556709954535418,0.829993639284906,0.0556709954535418,-0.233671417486043,0.0625635476424747,"Numenius arquata"
"230","NUMARQ",2020,0.856681597583275,0.0567914543281099,0.856681597583275,0.0567914543281099,-0.170998183102847,0.0700468265305205,"Numenius arquata"
"231","OENOEN",1998,1.10812470638689,0.100124147744043,1.10812470638689,0.100124147744043,0.199160578030113,0.0778681626143696,"Oenanthe oenanthe"
"232","OENOEN",1999,1.12452070845377,0.0999920753598597,1.12452070845377,0.0999920753598597,0.0613655001401427,0.0709827304964223,"Oenanthe oenanthe"
"233","OENOEN",2000,1.10626913629353,0.0719503574476921,1.10626913629353,0.0719503574476921,0.0590281821810981,0.0602353855262237,"Oenanthe oenanthe"
"234","OENOEN",2001,0.978183977543284,0.0860889347123384,0.978183977543284,0.0860889347123384,-0.0549087610342148,0.0655511170062268,"Oenanthe oenanthe"
"235","OENOEN",2002,0.888101743480198,0.0635236309479203,0.888101743480198,0.0635236309479203,-0.07729944765145,0.0538628374817629,"Oenanthe oenanthe"
"236","OENOEN",2003,0.88629293626205,0.0657029366601939,0.88629293626205,0.0657029366601939,-0.0430912696745577,0.0567882955262137,"Oenanthe oenanthe"
"237","OENOEN",2004,1.57530407978879,0.0507284553083072,1.57530407978879,0.0507284553083072,0.399674350596591,0.0483526892767247,"Oenanthe oenanthe"
"238","OENOEN",2005,0.912184611224179,0.0626485085866527,0.912184611224179,0.0626485085866527,-0.0692054685776357,0.0524878023597336,"Oenanthe oenanthe"
"239","OENOEN",2006,0.89578313577081,0.0663994448775925,0.89578313577081,0.0663994448775925,-0.157555430608377,0.0531572102618415,"Oenanthe oenanthe"
"240","OENOEN",2007,1.07441835133796,0.0524270206935247,1.07441835133796,0.0524270206935247,0.0534524382321699,0.045749385405746,"Oenanthe oenanthe"
"241","OENOEN",2008,0.891499970992634,0.048937738291666,0.891499970992634,0.048937738291666,-0.152553749088341,0.0428183438573392,"Oenanthe oenanthe"
"242","OENOEN",2009,0.809526861125143,0.0539003773461213,0.809526861125143,0.0539003773461213,-0.186813288495319,0.046791762667756,"Oenanthe oenanthe"
"243","OENOEN",2010,1.00537134763434,0.0525794419703053,1.00537134763434,0.0525794419703053,0.054034082815277,0.0417351076567314,"Oenanthe oenanthe"
"244","OENOEN",2011,1.13009903001415,0.0456027728574923,1.13009903001415,0.0456027728574923,0.111353251079226,0.0401532014739528,"Oenanthe oenanthe"
"245","OENOEN",2012,0.896970126360409,0.0515332945188526,0.896970126360409,0.0515332945188526,-0.0994957188076913,0.0441870016438376,"Oenanthe oenanthe"
"246","OENOEN",2013,1.10841209868263,0.0445645355859873,1.10841209868263,0.0445645355859873,0.08072777369025,0.0409741455065001,"Oenanthe oenanthe"
"247","OENOEN",2014,0.785951823029314,0.0512733068609767,0.785951823029314,0.0512733068609767,-0.179452201909819,0.0455010531938446,"Oenanthe oenanthe"
"248","OENOEN",2015,0.899438407584888,0.0536803109891649,0.899438407584888,0.0536803109891649,-0.143272010193015,0.0449221346373512,"Oenanthe oenanthe"
"249","OENOEN",2016,0.85624522143944,0.0521620634243148,0.85624522143944,0.0521620634243148,-0.151958367549731,0.0428795958344185,"Oenanthe oenanthe"
"250","OENOEN",2017,0.863384155765841,0.0515377617228349,0.863384155765841,0.0515377617228349,-0.146024553070509,0.0415210744956952,"Oenanthe oenanthe"
"251","OENOEN",2018,1.08736746920815,0.0451728999068266,1.08736746920815,0.0451728999068266,0.0800314788471586,0.0394010262576701,"Oenanthe oenanthe"
"252","OENOEN",2019,1.23609630823902,0.0437363970409429,1.23609630823902,0.0437363970409429,0.189079878606785,0.0388624755504398,"Oenanthe oenanthe"
"253","OENOEN",2020,1.18966870963466,0.0452806269967102,1.18966870963466,0.0452806269967102,0.173722752441851,0.040907854938481,"Oenanthe oenanthe"
"254","PASMON",1998,1.49750096104571,0.0602130969432115,1.49750096104571,0.0602130969432115,0.235885787672707,0.106720723669679,"Passer montanus"
"255","PASMON",1999,1.25046023108878,0.060221330243173,1.25046023108878,0.060221330243173,0.100663001836029,0.0927238864440955,"Passer montanus"
"256","PASMON",2000,0.631207596298002,0.0838865613968281,0.631207596298002,0.0838865613968281,-0.12346423904166,0.0892477183459059,"Passer montanus"
"257","PASMON",2001,0.813475302430251,0.0647479247196964,0.813475302430251,0.0647479247196964,-0.236448835134592,0.0886687485936206,"Passer montanus"
"258","PASMON",2002,0.654330216251756,0.0598099709086635,0.654330216251756,0.0598099709086635,-0.36198131218211,0.0993586364659831,"Passer montanus"
"259","PASMON",2003,0.872658311921235,0.0524280153190798,0.872658311921235,0.0524280153190798,-0.248624133185486,0.0769347904178068,"Passer montanus"
"260","PASMON",2004,1.04389325967045,0.0463808650875946,1.04389325967045,0.0463808650875946,0.0854936043520792,0.111287551978407,"Passer montanus"
"261","PASMON",2005,0.943100586913525,0.0538578631571087,0.943100586913525,0.0538578631571087,-0.110927519768254,0.0741803686004797,"Passer montanus"
"262","PASMON",2006,0.890349492856142,0.0498701692607617,0.890349492856142,0.0498701692607617,0.00123932984638511,0.0777902065305541,"Passer montanus"
"263","PASMON",2007,1.27997437424692,0.0457827128871894,1.27997437424692,0.0457827128871894,0.0536231720254334,0.0862235630240149,"Passer montanus"
"264","PASMON",2008,0.823890376689905,0.0504394731240296,0.823890376689905,0.0504394731240296,0.0110526997957368,0.0725010890194282,"Passer montanus"
"265","PASMON",2009,0.853583374559966,0.0491400503437152,0.853583374559966,0.0491400503437152,-0.00754956373218413,0.0756564811147694,"Passer montanus"
"266","PASMON",2010,1.21874394794127,0.042763730229612,1.21874394794127,0.042763730229612,0.0991281477890057,0.058112972276086,"Passer montanus"
"267","PASMON",2011,1.3455145215313,0.0406044286014103,1.3455145215313,0.0406044286014103,0.135143124958301,0.0737243503152163,"Passer montanus"
"268","PASMON",2012,1.03301032036989,0.0475062820318863,1.03301032036989,0.0475062820318863,0.0550060956058369,0.0922355700110647,"Passer montanus"
"269","PASMON",2013,1.08222782297425,0.0453278213035567,1.08222782297425,0.0453278213035567,0.127864802019399,0.0869031515394964,"Passer montanus"
"270","PASMON",2014,1.07398529150097,0.043448511857011,1.07398529150097,0.043448511857011,-0.0818782167252949,0.0716028985823404,"Passer montanus"
"271","PASMON",2015,0.88504171306212,0.0495933003508195,0.88504171306212,0.0495933003508195,-0.0933137734639413,0.0738217077568591,"Passer montanus"
"272","PASMON",2016,0.926381806907338,0.0477328017274282,0.926381806907338,0.0477328017274282,-0.0621154495147232,0.0678454363086297,"Passer montanus"
"273","PASMON",2017,1.06623562649403,0.04346269746373,1.06623562649403,0.04346269746373,-0.0267110544370633,0.0629315400805098,"Passer montanus"
"274","PASMON",2018,1.27629795370319,0.041178505358084,1.27629795370319,0.041178505358084,0.119186559323168,0.0754698031378081,"Passer montanus"
"275","PASMON",2019,1.0202136554983,0.0456824723578795,1.0202136554983,0.0456824723578795,0.144434615564488,0.0764066309757186,"Passer montanus"
"276","PASMON",2020,1.03000950393106,0.0453369575263149,1.03000950393106,0.0453369575263149,0.184293156396742,0.0787377336885347,"Passer montanus"
"277","SAXRUB",1998,1.150053506019,0.0684548233145485,1.150053506019,0.0684548233145485,0.0581420516873457,0.0495077781403383,"Saxicola rubetra"
"278","SAXRUB",1999,0.913903185286402,0.071647844965179,0.913903185286402,0.071647844965179,0.0268098343892749,0.0492019091306945,"Saxicola rubetra"
"279","SAXRUB",2000,1.15307346364331,0.0622796577215287,1.15307346364331,0.0622796577215287,0.113881514146316,0.0358256805766285,"Saxicola rubetra"
"280","SAXRUB",2001,1.16466990254828,0.0563355695229649,1.16466990254828,0.0563355695229649,0.0703897849484093,0.0374469808188297,"Saxicola rubetra"
"281","SAXRUB",2002,1.17167786937829,0.0497255239438649,1.17167786937829,0.0497255239438649,0.106950325204461,0.041037105812617,"Saxicola rubetra"
"282","SAXRUB",2003,1.02265585277992,0.048032094675197,1.02265585277992,0.048032094675197,0.120812859116866,0.034556860595663,"Saxicola rubetra"
"283","SAXRUB",2004,1.42965473465504,0.0415087604237071,1.42965473465504,0.0415087604237071,0.323167181562129,0.0472261757868223,"Saxicola rubetra"
"284","SAXRUB",2005,1.0478239322825,0.0480542110215692,1.0478239322825,0.0480542110215692,0.0809700595248221,0.0313286739978738,"Saxicola rubetra"
"285","SAXRUB",2006,0.911749572760047,0.050440631344312,0.911749572760047,0.050440631344312,-0.0525300132221773,0.0343750846217698,"Saxicola rubetra"
"286","SAXRUB",2007,1.11422996567008,0.0444829452868321,1.11422996567008,0.0444829452868321,0.137582888991896,0.0338476028658811,"Saxicola rubetra"
"287","SAXRUB",2008,0.945698186202384,0.0437566652692089,0.945698186202384,0.0437566652692089,-0.0190521174741986,0.0318612739327847,"Saxicola rubetra"
"288","SAXRUB",2009,1.03046549353548,0.0443741347901086,1.03046549353548,0.0443741347901086,-0.0555309014800078,0.0324088218713727,"Saxicola rubetra"
"289","SAXRUB",2010,1.06726719922684,0.0451872991228364,1.06726719922684,0.0451872991228364,-0.00410347561762643,0.0258958509302159,"Saxicola rubetra"
"290","SAXRUB",2011,0.912074433004222,0.0490566916007471,0.912074433004222,0.0490566916007471,-0.0143409037807402,0.0306244810620346,"Saxicola rubetra"
"291","SAXRUB",2012,0.85363015491931,0.0494652935242341,0.85363015491931,0.0494652935242341,-0.158045253921882,0.0392988045586663,"Saxicola rubetra"
"292","SAXRUB",2013,1.03293164029796,0.0455789244155768,1.03293164029796,0.0455789244155768,-0.0443324896563675,0.038502434261093,"Saxicola rubetra"
"293","SAXRUB",2014,0.914047759634836,0.0477229570109404,0.914047759634836,0.0477229570109404,-0.116739078557044,0.0299075404931999,"Saxicola rubetra"
"294","SAXRUB",2015,0.801235827942203,0.0510217651681055,0.801235827942203,0.0510217651681055,-0.154622219435638,0.033532970025979,"Saxicola rubetra"
"295","SAXRUB",2016,0.854287392822872,0.0504007492787958,0.854287392822872,0.0504007492787958,-0.128656346720505,0.0309517954880775,"Saxicola rubetra"
"296","SAXRUB",2017,0.867469614595641,0.0470637381223326,0.867469614595641,0.0470637381223326,-0.152682442143372,0.0277006389212738,"Saxicola rubetra"
"297","SAXRUB",2018,0.994613086278562,0.0455871939127792,0.994613086278562,0.0455871939127792,-0.054961734320058,0.0322920900460272,"Saxicola rubetra"
"298","SAXRUB",2019,0.899099477419071,0.0474207953982726,0.899099477419071,0.0474207953982726,-0.038516894806176,0.0333861199157319,"Saxicola rubetra"
"299","SAXRUB",2020,0.957048835618153,0.0444389704370216,0.957048835618153,0.0444389704370216,-0.0445926284357265,0.0341813194488931,"Saxicola rubetra"
"300","STUVUL",1998,0.949322158506193,0.0629928504222684,0.949322158506193,0.0629928504222684,-0.000902211046103038,0.0662439509089171,"Sturnus vulgaris"
"301","STUVUL",1999,1.08157841158742,0.0521170278766914,1.08157841158742,0.0521170278766914,0.0982595361267568,0.0578441379345446,"Sturnus vulgaris"
"302","STUVUL",2000,1.37624935553412,0.0458159828185868,1.37624935553412,0.0458159828185868,0.232226257318759,0.0515747594233435,"Sturnus vulgaris"
"303","STUVUL",2001,1.2832526763515,0.0428185017677125,1.2832526763515,0.0428185017677125,0.273405227033019,0.050781473566147,"Sturnus vulgaris"
"304","STUVUL",2002,1.63863534845549,0.0325816698362784,1.63863534845549,0.0325816698362784,0.344480356394933,0.0598390188859566,"Sturnus vulgaris"
"305","STUVUL",2003,1.09522232460299,0.0386894406378844,1.09522232460299,0.0386894406378844,0.275073145712259,0.0453804444398964,"Sturnus vulgaris"
"306","STUVUL",2004,1.08616535788808,0.0389064541379867,1.08616535788808,0.0389064541379867,0.139444515539964,0.0673228039461488,"Sturnus vulgaris"
"307","STUVUL",2005,1.28105270339355,0.0364352658321234,1.28105270339355,0.0364352658321234,0.180082809241182,0.0456429501552057,"Sturnus vulgaris"
"308","STUVUL",2006,1.01108019951275,0.0384763206370754,1.01108019951275,0.0384763206370754,0.0597911199043606,0.0483760274011028,"Sturnus vulgaris"
"309","STUVUL",2007,1.22122062189076,0.0362800771630774,1.22122062189076,0.0362800771630774,0.104638927759126,0.0474396539907265,"Sturnus vulgaris"
"310","STUVUL",2008,1.06065768159749,0.0374110657980798,1.06065768159749,0.0374110657980798,0.0376361978692392,0.0457425570503537,"Sturnus vulgaris"
"311","STUVUL",2009,0.927536231390586,0.0388251158470572,0.927536231390586,0.0388251158470572,-0.0069647409264637,0.0481522958376053,"Sturnus vulgaris"
"312","STUVUL",2010,0.870122769697294,0.0412409079977825,0.870122769697294,0.0412409079977825,-0.0698067036985932,0.0367638278846318,"Sturnus vulgaris"
"313","STUVUL",2011,1.01956046286139,0.0375613935673462,1.01956046286139,0.0375613935673462,-0.108751118733081,0.0443386805270435,"Sturnus vulgaris"
"314","STUVUL",2012,0.93075217268456,0.039918699162892,0.93075217268456,0.039918699162892,-0.125995427233862,0.0543495650057815,"Sturnus vulgaris"
"315","STUVUL",2013,0.80475870600175,0.0425328606770424,0.80475870600175,0.0425328606770424,-0.168938765154397,0.0519615384386954,"Sturnus vulgaris"
"316","STUVUL",2014,0.89024659999511,0.0398814268012383,0.89024659999511,0.0398814268012383,-0.0967000107882876,0.0462938483340393,"Sturnus vulgaris"
"317","STUVUL",2015,0.862035508941297,0.0402518651190046,0.862035508941297,0.0402518651190046,-0.156005122266946,0.0462635809207061,"Sturnus vulgaris"
"318","STUVUL",2016,0.835094804265211,0.0415655100220269,0.835094804265211,0.0415655100220269,-0.145750199591948,0.0422840673467291,"Sturnus vulgaris"
"319","STUVUL",2017,0.864298605802828,0.0397534550643207,0.864298605802828,0.0397534550643207,-0.165027797057844,0.0400977148207695,"Sturnus vulgaris"
"320","STUVUL",2018,0.856748957117199,0.0407982661149791,0.856748957117199,0.0407982661149791,-0.242267799469567,0.0445305035916525,"Sturnus vulgaris"
"321","STUVUL",2019,0.759694799716878,0.0437092478090371,0.759694799716878,0.0437092478090371,-0.243254336436769,0.0487891295297351,"Sturnus vulgaris"
"322","STUVUL",2020,0.758865100560399,0.0426215436026966,0.758865100560399,0.0426215436026966,-0.214673860495738,0.0524330535428304,"Sturnus vulgaris"
"323","SYLCOM",1998,0.775050914340955,0.0535966002083869,0.775050914340955,0.0535966002083869,-0.104272564689655,0.0553930497397583,"Sylvia communis"
"324","SYLCOM",1999,0.832968840520331,0.0454492910867256,0.832968840520331,0.0454492910867256,-0.139986494939314,0.0504437061962724,"Sylvia communis"
"325","SYLCOM",2000,1.01468560039915,0.0416227145316083,1.01468560039915,0.0416227145316083,-0.0794293721265993,0.0342107908725969,"Sylvia communis"
"326","SYLCOM",2001,0.895612268108403,0.0360054045206103,0.895612268108403,0.0360054045206103,-0.0844737696249825,0.0409863682373753,"Sylvia communis"
"327","SYLCOM",2002,1.00246479435143,0.0303049601973721,1.00246479435143,0.0303049601973721,-0.0538599624870631,0.0509863700498916,"Sylvia communis"
"328","SYLCOM",2003,0.931297703237407,0.031782472308316,0.931297703237407,0.031782472308316,-0.0270768946213864,0.0417000316666592,"Sylvia communis"
"329","SYLCOM",2004,1.12696096603593,0.0287923558971388,1.12696096603593,0.0287923558971388,0.0527699408819736,0.0634290730294882,"Sylvia communis"
"330","SYLCOM",2005,0.836014033902277,0.0343871700918043,0.836014033902277,0.0343871700918043,-0.0236197856423524,0.0314534504110408,"Sylvia communis"
"331","SYLCOM",2006,0.967872266892309,0.0299133569800481,0.967872266892309,0.0299133569800481,-0.0762417282200175,0.0379271756127847,"Sylvia communis"
"332","SYLCOM",2007,0.970758819995139,0.0314135864020433,0.970758819995139,0.0314135864020433,0.0057843873091955,0.044162134330906,"Sylvia communis"
"333","SYLCOM",2008,1.15169500638613,0.0270706726925133,1.15169500638613,0.0270706726925133,-0.0166605369208743,0.0428348021824329,"Sylvia communis"
"334","SYLCOM",2009,1.04834591575118,0.0281357955706373,1.04834591575118,0.0281357955706373,0.00935634381287127,0.0426357522427725,"Sylvia communis"
"335","SYLCOM",2010,0.966894507828519,0.0294947083308627,0.966894507828519,0.0294947083308627,0.00462036430764686,0.025344233352769,"Sylvia communis"
"336","SYLCOM",2011,0.984306354857668,0.0294584699738028,0.984306354857668,0.0294584699738028,-0.00277363203713194,0.0383264203963837,"Sylvia communis"
"337","SYLCOM",2012,1.01998411306848,0.0295511390547788,1.01998411306848,0.0295511390547788,-0.0458298178231815,0.050840076690404,"Sylvia communis"
"338","SYLCOM",2013,0.97627806798028,0.0297036571252984,0.97627806798028,0.0297036571252984,0.0394777474186509,0.0474436960432995,"Sylvia communis"
"339","SYLCOM",2014,1.09766481323523,0.0274620703005458,1.09766481323523,0.0274620703005458,0.0669705556084092,0.0344100073472009,"Sylvia communis"
"340","SYLCOM",2015,0.947402414653358,0.0298243092850209,0.947402414653358,0.0298243092850209,0.0778524312463335,0.0383224772652835,"Sylvia communis"
"341","SYLCOM",2016,1.14334886602178,0.027251464388601,1.14334886602178,0.027251464388601,0.0881417151284229,0.034416090860745,"Sylvia communis"
"342","SYLCOM",2017,1.01066907565631,0.0283669127013928,1.01066907565631,0.0283669127013928,0.0621811936763881,0.031393893485673,"Sylvia communis"
"343","SYLCOM",2018,1.11062172671387,0.0273371025266318,1.11062172671387,0.0273371025266318,0.11799803905013,0.0397142188862657,"Sylvia communis"
"344","SYLCOM",2019,1.13986784677971,0.0276379253647082,1.13986784677971,0.0276379253647082,0.0897998215470254,0.0417576884562286,"Sylvia communis"
"345","SYLCOM",2020,1.18481059903436,0.0264622778331495,1.18481059903436,0.0264622778331495,0.0392720191455112,0.0427136982941917,"Sylvia communis"
"346","VANVAN",1998,0.810571142226505,0.0818428565453928,0.810571142226505,0.0818428565453928,-0.129720096317235,0.0767815574296933,"Vanellus vanellus"
"347","VANVAN",1999,0.887295009895309,0.0732551832809364,0.887295009895309,0.0732551832809364,-0.0496800591194364,0.0652744693797104,"Vanellus vanellus"
"348","VANVAN",2000,1.29340761654571,0.0583336779447848,1.29340761654571,0.0583336779447848,0.120202982499396,0.0584846910250597,"Vanellus vanellus"
"349","VANVAN",2001,1.04355447589617,0.0568586150204016,1.04355447589617,0.0568586150204016,0.134554607734564,0.0547576216560576,"Vanellus vanellus"
"350","VANVAN",2002,1.32817766859133,0.0445909747757521,1.32817766859133,0.0445909747757521,0.239707305561966,0.0598380921958021,"Vanellus vanellus"
"351","VANVAN",2003,1.30288746701809,0.044075430888671,1.30288746701809,0.044075430888671,0.269229117703356,0.0521167091542726,"Vanellus vanellus"
"352","VANVAN",2004,1.39728512055788,0.0432922865788106,1.39728512055788,0.0432922865788106,0.291172851444391,0.0681741165103104,"Vanellus vanellus"
"353","VANVAN",2005,1.02647155454971,0.0516751860173961,1.02647155454971,0.0516751860173961,0.158007763612636,0.0547435641806765,"Vanellus vanellus"
"354","VANVAN",2006,1.24428043746131,0.0435213144979295,1.24428043746131,0.0435213144979295,0.145936765386054,0.0520096855589658,"Vanellus vanellus"
"355","VANVAN",2007,1.37366595988124,0.0417602154241978,1.37366595988124,0.0417602154241978,0.211746156679936,0.0525400913704833,"Vanellus vanellus"
"356","VANVAN",2008,1.0245027450926,0.0475885270364293,1.0245027450926,0.0475885270364293,0.113414433132702,0.0493767520864731,"Vanellus vanellus"
"357","VANVAN",2009,1.08975665384085,0.044764577844306,1.08975665384085,0.044764577844306,0.055658515469166,0.0506427076710712,"Vanellus vanellus"
"358","VANVAN",2010,1.09399976210618,0.0456617558679373,1.09399976210618,0.0456617558679373,0.0236783965324394,0.0415838722914414,"Vanellus vanellus"
"359","VANVAN",2011,1.01372634842121,0.0468217201901372,1.01372634842121,0.0468217201901372,0.00654546640780445,0.0494970198628552,"Vanellus vanellus"
"360","VANVAN",2012,1.00866432943474,0.0472931494876458,1.00866432943474,0.0472931494876458,-0.0322266391215953,0.05662220012553,"Vanellus vanellus"
"361","VANVAN",2013,0.906147965042815,0.0506161410122898,0.906147965042815,0.0506161410122898,0.0193623705903183,0.0532913543876939,"Vanellus vanellus"
"362","VANVAN",2014,0.825327434627865,0.0506335846045263,0.825327434627865,0.0506335846045263,-0.105271351797343,0.0544113245235918,"Vanellus vanellus"
"363","VANVAN",2015,0.945577804137879,0.048228417096613,0.945577804137879,0.048228417096613,-0.151862559711294,0.0509936195089525,"Vanellus vanellus"
"364","VANVAN",2016,0.862819202213182,0.0506734441627047,0.862819202213182,0.0506734441627047,-0.172122007810393,0.0458488111288966,"Vanellus vanellus"
"365","VANVAN",2017,0.857821532083021,0.0495808360638236,0.857821532083021,0.0495808360638236,-0.208040051039164,0.043662692904552,"Vanellus vanellus"
"366","VANVAN",2018,0.708264063191777,0.0557320411852872,0.708264063191777,0.0557320411852872,-0.266714670923991,0.0518116915018226,"Vanellus vanellus"
"367","VANVAN",2019,0.67208437682197,0.0562299772369032,0.67208437682197,0.0562299772369032,-0.330826555129571,0.0531781333817114,"Vanellus vanellus"
"368","VANVAN",2020,0.780387200751274,0.0526911037735766,0.780387200751274,0.0526911037735766,-0.342752741784702,0.0532917331213148,"Vanellus vanellus"
